Date,Hr_End,Dry_Bulb,System_Load
01-Feb-19,1,58,0.614
01-Feb-19,2,59,0.587
01-Feb-19,3,58,0.574
01-Feb-19,4,58,0.569
01-Feb-19,5,58,0.585
01-Feb-19,6,59,0.643
01-Feb-19,7,59,0.743
01-Feb-19,8,59,0.802
01-Feb-19,9,60,0.82
01-Feb-19,10,62,0.831
01-Feb-19,11,65,0.844
01-Feb-19,12,67,0.854
01-Feb-19,13,69,0.86
01-Feb-19,14,71,0.872
01-Feb-19,15,71,0.881
01-Feb-19,16,71,0.886
01-Feb-19,17,71,0.892
01-Feb-19,18,70,0.904
01-Feb-19,19,70,0.932
01-Feb-19,20,69,0.937
01-Feb-19,21,69,0.9
01-Feb-19,22,68,0.84
01-Feb-19,23,66,0.768
01-Feb-19,24,66,0.701
02-Feb-19,1,65,0.651
02-Feb-19,2,64,0.616
02-Feb-19,3,63,0.594
02-Feb-19,4,61,0.585
02-Feb-19,5,59,0.594
02-Feb-19,6,57,0.64
02-Feb-19,7,55,0.727
02-Feb-19,8,53,0.78
02-Feb-19,9,53,0.789
02-Feb-19,10,54,0.78
02-Feb-19,11,55,0.773
02-Feb-19,12,57,0.768
02-Feb-19,13,58,0.764
02-Feb-19,14,59,0.766
02-Feb-19,15,60,0.768
02-Feb-19,16,61,0.776
02-Feb-19,17,61,0.798
02-Feb-19,18,60,0.818
02-Feb-19,19,58,0.842
02-Feb-19,20,54,0.839
02-Feb-19,21,52,0.808
02-Feb-19,22,52,0.764
02-Feb-19,23,52,0.706
02-Feb-19,24,52,0.646
03-Feb-19,1,51,0.601
03-Feb-19,2,50,0.573
03-Feb-19,3,50,0.558
03-Feb-19,4,50,0.553
03-Feb-19,5,50,0.558
03-Feb-19,6,50,0.577
03-Feb-19,7,50,0.616
03-Feb-19,8,51,0.66
03-Feb-19,9,52,0.706
03-Feb-19,10,54,0.73
03-Feb-19,11,55,0.73
03-Feb-19,12,57,0.723
03-Feb-19,13,58,0.714
03-Feb-19,14,60,0.716
03-Feb-19,15,60,0.717
03-Feb-19,16,61,0.72
03-Feb-19,17,61,0.738
03-Feb-19,18,61,0.767
03-Feb-19,19,60,0.796
03-Feb-19,20,60,0.791
03-Feb-19,21,60,0.764
03-Feb-19,22,60,0.728
03-Feb-19,23,60,0.68
03-Feb-19,24,61,0.632
04-Feb-19,1,61,0.592
04-Feb-19,2,61,0.569
04-Feb-19,3,62,0.557
04-Feb-19,4,62,0.55
04-Feb-19,5,62,0.551
04-Feb-19,6,62,0.566
04-Feb-19,7,62,0.595
04-Feb-19,8,63,0.633
04-Feb-19,9,64,0.683
04-Feb-19,10,66,0.723
04-Feb-19,11,68,0.749
04-Feb-19,12,70,0.764
04-Feb-19,13,72,0.777
04-Feb-19,14,74,0.787
04-Feb-19,15,74,0.793
04-Feb-19,16,74,0.807
04-Feb-19,17,72,0.827
04-Feb-19,18,71,0.85
04-Feb-19,19,69,0.868
04-Feb-19,20,66,0.856
04-Feb-19,21,64,0.818
04-Feb-19,22,62,0.767
04-Feb-19,23,61,0.707
04-Feb-19,24,61,0.65
05-Feb-19,1,60,0.608
05-Feb-19,2,60,0.582
05-Feb-19,3,59,0.566
05-Feb-19,4,58,0.563
05-Feb-19,5,58,0.575
05-Feb-19,6,57,0.614
05-Feb-19,7,56,0.68
05-Feb-19,8,56,0.737
05-Feb-19,9,56,0.783
05-Feb-19,10,55,0.813
05-Feb-19,11,55,0.831
05-Feb-19,12,55,0.84
05-Feb-19,13,55,0.84
05-Feb-19,14,56,0.839
05-Feb-19,15,56,0.835
05-Feb-19,16,56,0.834
05-Feb-19,17,56,0.847
05-Feb-19,18,55,0.873
05-Feb-19,19,55,0.893
05-Feb-19,20,55,0.877
05-Feb-19,21,55,0.835
05-Feb-19,22,56,0.776
05-Feb-19,23,56,0.706
05-Feb-19,24,56,0.643
06-Feb-19,1,57,0.602
06-Feb-19,2,57,0.579
06-Feb-19,3,58,0.567
06-Feb-19,4,58,0.567
06-Feb-19,5,59,0.586
06-Feb-19,6,60,0.644
06-Feb-19,7,60,0.749
06-Feb-19,8,61,0.816
06-Feb-19,9,63,0.842
06-Feb-19,10,64,0.855
06-Feb-19,11,67,0.86
06-Feb-19,12,71,0.871
06-Feb-19,13,73,0.883
06-Feb-19,14,74,0.897
06-Feb-19,15,75,0.901
06-Feb-19,16,77,0.908
06-Feb-19,17,77,0.925
06-Feb-19,18,76,0.946
06-Feb-19,19,74,0.976
06-Feb-19,20,73,0.974
06-Feb-19,21,71,0.929
06-Feb-19,22,70,0.867
06-Feb-19,23,69,0.791
06-Feb-19,24,69,0.722
07-Feb-19,1,69,0.672
07-Feb-19,2,69,0.643
07-Feb-19,3,68,0.625
07-Feb-19,4,68,0.619
07-Feb-19,5,68,0.635
07-Feb-19,6,67,0.692
07-Feb-19,7,67,0.795
07-Feb-19,8,67,0.856
07-Feb-19,9,68,0.88
07-Feb-19,10,71,0.898
07-Feb-19,11,75,0.92
07-Feb-19,12,78,0.939
07-Feb-19,13,79,0.957
07-Feb-19,14,81,0.982
07-Feb-19,15,81,0.999
07-Feb-19,16,82,1.015
07-Feb-19,17,81,1.032
07-Feb-19,18,80,1.038
07-Feb-19,19,77,1.047
07-Feb-19,20,74,1.038
07-Feb-19,21,71,0.993
07-Feb-19,22,70,0.924
07-Feb-19,23,69,0.838
07-Feb-19,24,69,0.764
08-Feb-19,1,68,0.71
08-Feb-19,2,68,0.678
08-Feb-19,3,67,0.658
08-Feb-19,4,67,0.65
08-Feb-19,5,65,0.662
08-Feb-19,6,66,0.715
08-Feb-19,7,66,0.816
08-Feb-19,8,66,0.883
08-Feb-19,9,66,0.906
08-Feb-19,10,67,0.928
08-Feb-19,11,68,0.942
08-Feb-19,12,68,0.95
08-Feb-19,13,69,0.948
08-Feb-19,14,67,0.948
08-Feb-19,15,66,0.942
08-Feb-19,16,65,0.939
08-Feb-19,17,64,0.943
08-Feb-19,18,63,0.957
08-Feb-19,19,63,0.97
08-Feb-19,20,63,0.949
08-Feb-19,21,62,0.906
08-Feb-19,22,62,0.848
08-Feb-19,23,62,0.773
08-Feb-19,24,62,0.704
09-Feb-19,1,62,0.654
09-Feb-19,2,62,0.623
09-Feb-19,3,61,0.605
09-Feb-19,4,59,0.596
09-Feb-19,5,58,0.607
09-Feb-19,6,58,0.655
09-Feb-19,7,58,0.752
09-Feb-19,8,57,0.818
09-Feb-19,9,57,0.84
09-Feb-19,10,56,0.852
09-Feb-19,11,56,0.853
09-Feb-19,12,57,0.837
09-Feb-19,13,58,0.813
09-Feb-19,14,58,0.794
09-Feb-19,15,60,0.779
09-Feb-19,16,61,0.776
09-Feb-19,17,61,0.794
09-Feb-19,18,59,0.817
09-Feb-19,19,56,0.842
09-Feb-19,20,53,0.834
09-Feb-19,21,52,0.8
09-Feb-19,22,50,0.756
09-Feb-19,23,50,0.699
09-Feb-19,24,48,0.641
10-Feb-19,1,48,0.597
10-Feb-19,2,47,0.569
10-Feb-19,3,46,0.555
10-Feb-19,4,46,0.548
10-Feb-19,5,46,0.552
10-Feb-19,6,46,0.573
10-Feb-19,7,46,0.616
10-Feb-19,8,47,0.664
10-Feb-19,9,46,0.718
10-Feb-19,10,46,0.758
10-Feb-19,11,46,0.778
10-Feb-19,12,46,0.779
10-Feb-19,13,46,0.766
10-Feb-19,14,47,0.746
10-Feb-19,15,49,0.726
10-Feb-19,16,51,0.718
10-Feb-19,17,51,0.731
10-Feb-19,18,52,0.763
10-Feb-19,19,50,0.802
10-Feb-19,20,48,0.799
10-Feb-19,21,48,0.773
10-Feb-19,22,46,0.738
10-Feb-19,23,45,0.691
10-Feb-19,24,44,0.642
11-Feb-19,1,42,0.601
11-Feb-19,2,41,0.573
11-Feb-19,3,41,0.56
11-Feb-19,4,40,0.554
11-Feb-19,5,40,0.556
11-Feb-19,6,39,0.573
11-Feb-19,7,39,0.604
11-Feb-19,8,40,0.642
11-Feb-19,9,41,0.683
11-Feb-19,10,44,0.699
11-Feb-19,11,47,0.691
11-Feb-19,12,51,0.692
11-Feb-19,13,53,0.684
11-Feb-19,14,55,0.676
11-Feb-19,15,56,0.687
11-Feb-19,16,56,0.698
11-Feb-19,17,57,0.732
11-Feb-19,18,57,0.784
11-Feb-19,19,54,0.834
11-Feb-19,20,51,0.834
11-Feb-19,21,49,0.797
11-Feb-19,22,48,0.746
11-Feb-19,23,46,0.686
11-Feb-19,24,46,0.631
12-Feb-19,1,46,0.592
12-Feb-19,2,45,0.568
12-Feb-19,3,43,0.56
12-Feb-19,4,42,0.563
12-Feb-19,5,41,0.584
12-Feb-19,6,42,0.645
12-Feb-19,7,42,0.751
12-Feb-19,8,44,0.817
12-Feb-19,9,45,0.841
12-Feb-19,10,47,0.86
12-Feb-19,11,49,0.875
12-Feb-19,12,51,0.878
12-Feb-19,13,52,0.88
12-Feb-19,14,54,0.882
12-Feb-19,15,57,0.871
12-Feb-19,16,59,0.871
12-Feb-19,17,60,0.889
12-Feb-19,18,61,0.919
12-Feb-19,19,62,0.941
12-Feb-19,20,62,0.917
12-Feb-19,21,62,0.872
12-Feb-19,22,63,0.808
12-Feb-19,23,64,0.732
12-Feb-19,24,65,0.667
13-Feb-19,1,63,0.617
13-Feb-19,2,57,0.585
13-Feb-19,3,54,0.571
13-Feb-19,4,52,0.567
13-Feb-19,5,49,0.582
13-Feb-19,6,47,0.638
13-Feb-19,7,45,0.744
13-Feb-19,8,44,0.799
13-Feb-19,9,44,0.797
13-Feb-19,10,46,0.778
13-Feb-19,11,49,0.766
13-Feb-19,12,51,0.759
13-Feb-19,13,52,0.747
13-Feb-19,14,54,0.747
13-Feb-19,15,55,0.747
13-Feb-19,16,56,0.761
13-Feb-19,17,56,0.794
13-Feb-19,18,55,0.838
13-Feb-19,19,52,0.889
13-Feb-19,20,49,0.886
13-Feb-19,21,47,0.847
13-Feb-19,22,46,0.792
13-Feb-19,23,45,0.717
13-Feb-19,24,44,0.656
14-Feb-19,1,44,0.617
14-Feb-19,2,44,0.594
14-Feb-19,3,42,0.584
14-Feb-19,4,41,0.584
14-Feb-19,5,41,0.604
14-Feb-19,6,40,0.666
14-Feb-19,7,40,0.774
14-Feb-19,8,40,0.833
14-Feb-19,9,42,0.829
14-Feb-19,10,46,0.812
14-Feb-19,11,49,0.795
14-Feb-19,12,53,0.781
14-Feb-19,13,56,0.773
14-Feb-19,14,59,0.786
14-Feb-19,15,59,0.796
14-Feb-19,16,58,0.806
14-Feb-19,17,57,0.831
14-Feb-19,18,54,0.864
14-Feb-19,19,49,0.903
14-Feb-19,20,48,0.896
14-Feb-19,21,46,0.861
14-Feb-19,22,46,0.806
14-Feb-19,23,45,0.734
14-Feb-19,24,44,0.672
15-Feb-19,1,43,0.629
15-Feb-19,2,42,0.609
15-Feb-19,3,40,0.597
15-Feb-19,4,39,0.599
15-Feb-19,5,38,0.619
15-Feb-19,6,37,0.68
15-Feb-19,7,37,0.789
15-Feb-19,8,35,0.849
15-Feb-19,9,36,0.846
15-Feb-19,10,38,0.826
15-Feb-19,11,40,0.802
15-Feb-19,12,42,0.79
15-Feb-19,13,43,0.775
15-Feb-19,14,44,0.773
15-Feb-19,15,46,0.77
15-Feb-19,16,46,0.783
15-Feb-19,17,46,0.819
15-Feb-19,18,45,0.869
15-Feb-19,19,42,0.921
15-Feb-19,20,40,0.92
15-Feb-19,21,39,0.89
15-Feb-19,22,38,0.837
15-Feb-19,23,37,0.767
15-Feb-19,24,37,0.703
16-Feb-19,1,35,0.659
16-Feb-19,2,35,0.633
16-Feb-19,3,35,0.623
16-Feb-19,4,35,0.624
16-Feb-19,5,35,0.643
16-Feb-19,6,35,0.702
16-Feb-19,7,35,0.809
16-Feb-19,8,34,0.865
16-Feb-19,9,36,0.858
16-Feb-19,10,40,0.83
16-Feb-19,11,45,0.804
16-Feb-19,12,49,0.782
16-Feb-19,13,53,0.765
16-Feb-19,14,56,0.759
16-Feb-19,15,57,0.757
16-Feb-19,16,59,0.767
16-Feb-19,17,60,0.793
16-Feb-19,18,59,0.826
16-Feb-19,19,56,0.861
16-Feb-19,20,54,0.846
16-Feb-19,21,53,0.814
16-Feb-19,22,53,0.771
16-Feb-19,23,53,0.715
16-Feb-19,24,53,0.656
17-Feb-19,1,53,0.612
17-Feb-19,2,53,0.585
17-Feb-19,3,53,0.571
17-Feb-19,4,54,0.563
17-Feb-19,5,54,0.568
17-Feb-19,6,54,0.59
17-Feb-19,7,54,0.633
17-Feb-19,8,54,0.683
17-Feb-19,9,55,0.731
17-Feb-19,10,56,0.754
17-Feb-19,11,56,0.751
17-Feb-19,12,58,0.738
17-Feb-19,13,60,0.728
17-Feb-19,14,61,0.714
17-Feb-19,15,61,0.704
17-Feb-19,16,61,0.705
17-Feb-19,17,62,0.725
17-Feb-19,18,58,0.759
17-Feb-19,19,56,0.795
17-Feb-19,20,53,0.784
17-Feb-19,21,50,0.757
17-Feb-19,22,49,0.723
17-Feb-19,23,48,0.678
17-Feb-19,24,48,0.63
18-Feb-19,1,47,0.593
18-Feb-19,2,47,0.569
18-Feb-19,3,47,0.556
18-Feb-19,4,47,0.548
18-Feb-19,5,47,0.547
18-Feb-19,6,46,0.568
18-Feb-19,7,46,0.601
18-Feb-19,8,44,0.644
18-Feb-19,9,44,0.698
18-Feb-19,10,43,0.734
18-Feb-19,11,43,0.746
18-Feb-19,12,44,0.74
18-Feb-19,13,44,0.734
18-Feb-19,14,44,0.729
18-Feb-19,15,44,0.725
18-Feb-19,16,45,0.736
18-Feb-19,17,44,0.771
18-Feb-19,18,43,0.827
18-Feb-19,19,41,0.874
18-Feb-19,20,39,0.866
18-Feb-19,21,38,0.839
18-Feb-19,22,36,0.785
18-Feb-19,23,36,0.721
18-Feb-19,24,35,0.666
19-Feb-19,1,33,0.632
19-Feb-19,2,33,0.615
19-Feb-19,3,32,0.609
19-Feb-19,4,31,0.614
19-Feb-19,5,31,0.64
19-Feb-19,6,31,0.707
19-Feb-19,7,30,0.817
19-Feb-19,8,31,0.879
19-Feb-19,9,33,0.87
19-Feb-19,10,38,0.849
19-Feb-19,11,41,0.833
19-Feb-19,12,44,0.821
19-Feb-19,13,46,0.816
19-Feb-19,14,47,0.818
19-Feb-19,15,48,0.814
19-Feb-19,16,48,0.821
19-Feb-19,17,48,0.849
19-Feb-19,18,47,0.897
19-Feb-19,19,46,0.937
19-Feb-19,20,45,0.922
19-Feb-19,21,44,0.882
19-Feb-19,22,43,0.821
19-Feb-19,23,41,0.746
19-Feb-19,24,40,0.682
20-Feb-19,1,39,0.643
20-Feb-19,2,39,0.621
20-Feb-19,3,39,0.611
20-Feb-19,4,40,0.609
20-Feb-19,5,40,0.628
20-Feb-19,6,40,0.689
20-Feb-19,7,41,0.795
20-Feb-19,8,41,0.854
20-Feb-19,9,42,0.857
20-Feb-19,10,44,0.846
20-Feb-19,11,48,0.841
20-Feb-19,12,50,0.839
20-Feb-19,13,52,0.835
20-Feb-19,14,54,0.834
20-Feb-19,15,55,0.827
20-Feb-19,16,54,0.827
20-Feb-19,17,56,0.843
20-Feb-19,18,55,0.882
20-Feb-19,19,51,0.916
20-Feb-19,20,49,0.898
20-Feb-19,21,48,0.86
20-Feb-19,22,46,0.804
20-Feb-19,23,46,0.733
20-Feb-19,24,44,0.671
21-Feb-19,1,43,0.628
21-Feb-19,2,42,0.605
21-Feb-19,3,42,0.593
21-Feb-19,4,42,0.592
21-Feb-19,5,41,0.612
21-Feb-19,6,42,0.673
21-Feb-19,7,42,0.782
21-Feb-19,8,42,0.843
21-Feb-19,9,42,0.851
21-Feb-19,10,44,0.849
21-Feb-19,11,45,0.853
21-Feb-19,12,46,0.854
21-Feb-19,13,45,0.847
21-Feb-19,14,46,0.841
21-Feb-19,15,47,0.828
21-Feb-19,16,48,0.824
21-Feb-19,17,47,0.842
21-Feb-19,18,47,0.885
21-Feb-19,19,45,0.928
21-Feb-19,20,44,0.919
21-Feb-19,21,42,0.885
21-Feb-19,22,41,0.83
21-Feb-19,23,40,0.76
21-Feb-19,24,39,0.695
22-Feb-19,1,39,0.651
22-Feb-19,2,38,0.629
22-Feb-19,3,38,0.619
22-Feb-19,4,38,0.619
22-Feb-19,5,38,0.64
22-Feb-19,6,38,0.703
22-Feb-19,7,38,0.814
22-Feb-19,8,38,0.872
22-Feb-19,9,39,0.874
22-Feb-19,10,40,0.857
22-Feb-19,11,42,0.837
22-Feb-19,12,44,0.822
22-Feb-19,13,45,0.807
22-Feb-19,14,46,0.803
22-Feb-19,15,46,0.798
22-Feb-19,16,47,0.81
22-Feb-19,17,45,0.842
22-Feb-19,18,44,0.889
22-Feb-19,19,41,0.934
22-Feb-19,20,40,0.924
22-Feb-19,21,39,0.894
22-Feb-19,22,38,0.84
22-Feb-19,23,37,0.769
22-Feb-19,24,36,0.704
23-Feb-19,1,35,0.663
23-Feb-19,2,33,0.642
23-Feb-19,3,32,0.634
23-Feb-19,4,32,0.636
23-Feb-19,5,31,0.659
23-Feb-19,6,31,0.722
23-Feb-19,7,30,0.83
23-Feb-19,8,31,0.886
23-Feb-19,9,32,0.886
23-Feb-19,10,35,0.866
23-Feb-19,11,37,0.848
23-Feb-19,12,38,0.822
23-Feb-19,13,41,0.799
23-Feb-19,14,43,0.786
23-Feb-19,15,45,0.781
23-Feb-19,16,46,0.79
23-Feb-19,17,46,0.817
23-Feb-19,18,44,0.859
23-Feb-19,19,42,0.896
23-Feb-19,20,40,0.882
23-Feb-19,21,39,0.852
23-Feb-19,22,39,0.811
23-Feb-19,23,39,0.756
23-Feb-19,24,39,0.701
24-Feb-19,1,39,0.662
24-Feb-19,2,39,0.636
24-Feb-19,3,40,0.617
24-Feb-19,4,40,0.607
24-Feb-19,5,40,0.61
24-Feb-19,6,40,0.631
24-Feb-19,7,40,0.672
24-Feb-19,8,40,0.722
24-Feb-19,9,41,0.776
24-Feb-19,10,41,0.823
24-Feb-19,11,42,0.853
24-Feb-19,12,43,0.866
24-Feb-19,13,44,0.865
24-Feb-19,14,45,0.855
24-Feb-19,15,45,0.846
24-Feb-19,16,46,0.842
24-Feb-19,17,47,0.849
24-Feb-19,18,46,0.867
24-Feb-19,19,46,0.876
24-Feb-19,20,46,0.848
24-Feb-19,21,46,0.812
24-Feb-19,22,45,0.772
24-Feb-19,23,44,0.721
24-Feb-19,24,43,0.672
25-Feb-19,1,43,0.633
25-Feb-19,2,42,0.605
25-Feb-19,3,42,0.587
25-Feb-19,4,41,0.581
25-Feb-19,5,41,0.582
25-Feb-19,6,40,0.597
25-Feb-19,7,40,0.627
25-Feb-19,8,40,0.667
25-Feb-19,9,41,0.713
25-Feb-19,10,42,0.749
25-Feb-19,11,43,0.764
25-Feb-19,12,44,0.768
25-Feb-19,13,46,0.767
25-Feb-19,14,47,0.761
25-Feb-19,15,48,0.758
25-Feb-19,16,50,0.765
25-Feb-19,17,49,0.791
25-Feb-19,18,49,0.834
25-Feb-19,19,48,0.867
25-Feb-19,20,48,0.845
25-Feb-19,21,46,0.809
25-Feb-19,22,46,0.758
25-Feb-19,23,45,0.7
25-Feb-19,24,45,0.647
26-Feb-19,1,44,0.606
26-Feb-19,2,44,0.582
26-Feb-19,3,45,0.571
26-Feb-19,4,45,0.571
26-Feb-19,5,45,0.592
26-Feb-19,6,45,0.653
26-Feb-19,7,45,0.759
26-Feb-19,8,46,0.826
26-Feb-19,9,46,0.845
26-Feb-19,10,47,0.857
26-Feb-19,11,48,0.847
26-Feb-19,12,50,0.839
26-Feb-19,13,52,0.835
26-Feb-19,14,53,0.834
26-Feb-19,15,51,0.824
26-Feb-19,16,53,0.82
26-Feb-19,17,52,0.841
26-Feb-19,18,51,0.881
26-Feb-19,19,50,0.915
26-Feb-19,20,47,0.896
26-Feb-19,21,46,0.859
26-Feb-19,22,45,0.802
26-Feb-19,23,44,0.732
26-Feb-19,24,44,0.669
27-Feb-19,1,43,0.627
27-Feb-19,2,42,0.606
27-Feb-19,3,41,0.595
27-Feb-19,4,41,0.595
27-Feb-19,5,42,0.616
27-Feb-19,6,41,0.678
27-Feb-19,7,41,0.787
27-Feb-19,8,41,0.848
27-Feb-19,9,40,0.847
27-Feb-19,10,42,0.83
27-Feb-19,11,43,0.821
27-Feb-19,12,45,0.821
27-Feb-19,13,45,0.818
27-Feb-19,14,45,0.82
27-Feb-19,15,46,0.813
27-Feb-19,16,46,0.814
27-Feb-19,17,46,0.836
27-Feb-19,18,46,0.884
27-Feb-19,19,43,0.929
27-Feb-19,20,41,0.916
27-Feb-19,21,39,0.884
27-Feb-19,22,38,0.831
27-Feb-19,23,37,0.759
27-Feb-19,24,37,0.695
28-Feb-19,1,35,0.655
28-Feb-19,2,35,0.635
28-Feb-19,3,33,0.625
28-Feb-19,4,33,0.627
28-Feb-19,5,32,0.651
28-Feb-19,6,32,0.717
28-Feb-19,7,31,0.829
28-Feb-19,8,31,0.89
28-Feb-19,9,32,0.884
28-Feb-19,10,37,0.862
28-Feb-19,11,40,0.855
28-Feb-19,12,43,0.846
28-Feb-19,13,46,0.823
28-Feb-19,14,50,0.814
28-Feb-19,15,53,0.802
28-Feb-19,16,55,0.81
28-Feb-19,17,56,0.836
28-Feb-19,18,55,0.863
28-Feb-19,19,54,0.871
28-Feb-19,20,54,0.849
28-Feb-19,21,54,0.827
28-Feb-19,22,54,0.783
28-Feb-19,23,54,0.715
28-Feb-19,24,54,0.654
01-Mar-19,1,54,0.613
01-Mar-19,2,54,0.59
01-Mar-19,3,53,0.577
01-Mar-19,4,54,0.576
01-Mar-19,5,54,0.593
01-Mar-19,6,53,0.65
01-Mar-19,7,53,0.754
01-Mar-19,8,53,0.816
01-Mar-19,9,53,0.829
01-Mar-19,10,54,0.834
01-Mar-19,11,54,0.838
01-Mar-19,12,56,0.834
01-Mar-19,13,57,0.821
01-Mar-19,14,59,0.826
01-Mar-19,15,60,0.824
01-Mar-19,16,61,0.826
01-Mar-19,17,58,0.838
01-Mar-19,18,56,0.872
01-Mar-19,19,54,0.895
01-Mar-19,20,53,0.873
01-Mar-19,21,52,0.84
01-Mar-19,22,52,0.782
01-Mar-19,23,52,0.71
01-Mar-19,24,52,0.648
02-Mar-19,1,52,0.605
02-Mar-19,2,52,0.582
02-Mar-19,3,52,0.569
02-Mar-19,4,52,0.568
02-Mar-19,5,53,0.586
02-Mar-19,6,53,0.642
02-Mar-19,7,58,0.747
02-Mar-19,8,61,0.823
02-Mar-19,9,62,0.849
02-Mar-19,10,62,0.865
02-Mar-19,11,62,0.875
02-Mar-19,12,62,0.878
02-Mar-19,13,62,0.871
02-Mar-19,14,63,0.868
02-Mar-19,15,63,0.856
02-Mar-19,16,63,0.85
02-Mar-19,17,64,0.857
02-Mar-19,18,63,0.881
02-Mar-19,19,63,0.884
02-Mar-19,20,62,0.853
02-Mar-19,21,61,0.817
02-Mar-19,22,61,0.771
02-Mar-19,23,61,0.715
02-Mar-19,24,61,0.656
03-Mar-19,1,60,0.612
03-Mar-19,2,60,0.587
03-Mar-19,3,59,0.571
03-Mar-19,4,58,0.561
03-Mar-19,5,57,0.561
03-Mar-19,6,55,0.581
03-Mar-19,7,55,0.62
03-Mar-19,8,54,0.671
03-Mar-19,9,54,0.723
03-Mar-19,10,54,0.766
03-Mar-19,11,54,0.788
03-Mar-19,12,54,0.791
03-Mar-19,13,55,0.78
03-Mar-19,14,56,0.755
03-Mar-19,15,55,0.733
03-Mar-19,16,53,0.726
03-Mar-19,17,52,0.746
03-Mar-19,18,51,0.785
03-Mar-19,19,49,0.815
03-Mar-19,20,48,0.795
03-Mar-19,21,47,0.77
03-Mar-19,22,47,0.737
03-Mar-19,23,46,0.695
03-Mar-19,24,46,0.647
04-Mar-19,1,45,0.609
04-Mar-19,2,43,0.587
04-Mar-19,3,42,0.567
04-Mar-19,4,41,0.566
04-Mar-19,5,40,0.577
04-Mar-19,6,38,0.601
04-Mar-19,7,38,0.639
04-Mar-19,8,39,0.679
04-Mar-19,9,42,0.7
04-Mar-19,10,45,0.703
04-Mar-19,11,47,0.696
04-Mar-19,12,48,0.687
04-Mar-19,13,51,0.687
04-Mar-19,14,52,0.692
04-Mar-19,15,52,0.707
04-Mar-19,16,52,0.742
04-Mar-19,17,51,0.81
04-Mar-19,18,48,0.876
04-Mar-19,19,45,0.867
04-Mar-19,20,42,0.842
04-Mar-19,21,41,0.806
04-Mar-19,22,40,0.751
04-Mar-19,23,39,0.697
04-Mar-19,24,38,0.649
05-Mar-19,1,39,0.615
05-Mar-19,2,39,0.596
05-Mar-19,3,38,0.589
05-Mar-19,4,39,0.593
05-Mar-19,5,39,0.619
05-Mar-19,6,39,0.686
05-Mar-19,7,40,0.791
05-Mar-19,8,40,0.849
05-Mar-19,9,41,0.865
05-Mar-19,10,43,0.875
05-Mar-19,11,43,0.887
05-Mar-19,12,44,0.89
05-Mar-19,13,45,0.882
05-Mar-19,14,46,0.877
05-Mar-19,15,46,0.869
05-Mar-19,16,46,0.875
05-Mar-19,17,46,0.918
05-Mar-19,18,46,0.959
05-Mar-19,19,46,0.944
05-Mar-19,20,46,0.909
05-Mar-19,21,46,0.863
05-Mar-19,22,46,0.8
05-Mar-19,23,46,0.727
05-Mar-19,24,46,0.667
06-Mar-19,1,47,0.627
06-Mar-19,2,46,0.604
06-Mar-19,3,46,0.592
06-Mar-19,4,46,0.591
06-Mar-19,5,45,0.613
06-Mar-19,6,45,0.673
06-Mar-19,7,45,0.766
06-Mar-19,8,45,0.817
06-Mar-19,9,46,0.834
06-Mar-19,10,47,0.832
06-Mar-19,11,48,0.85
06-Mar-19,12,49,0.864
06-Mar-19,13,49,0.872
06-Mar-19,14,49,0.876
06-Mar-19,15,50,0.871
06-Mar-19,16,51,0.873
06-Mar-19,17,51,0.905
06-Mar-19,18,51,0.935
06-Mar-19,19,51,0.919
06-Mar-19,20,53,0.889
06-Mar-19,21,54,0.847
06-Mar-19,22,54,0.785
06-Mar-19,23,55,0.714
06-Mar-19,24,54,0.653
07-Mar-19,1,54,0.613
07-Mar-19,2,53,0.589
07-Mar-19,3,52,0.578
07-Mar-19,4,51,0.578
07-Mar-19,5,51,0.6
07-Mar-19,6,50,0.663
07-Mar-19,7,49,0.763
07-Mar-19,8,49,0.802
07-Mar-19,9,51,0.79
07-Mar-19,10,54,0.777
07-Mar-19,11,56,0.772
07-Mar-19,12,58,0.769
07-Mar-19,13,59,0.766
07-Mar-19,14,60,0.774
07-Mar-19,15,61,0.784
07-Mar-19,16,60,0.805
07-Mar-19,17,59,0.853
07-Mar-19,18,56,0.909
07-Mar-19,19,55,0.899
07-Mar-19,20,55,0.871
07-Mar-19,21,54,0.831
07-Mar-19,22,52,0.772
07-Mar-19,23,52,0.702
07-Mar-19,24,50,0.643
08-Mar-19,1,49,0.606
08-Mar-19,2,47,0.586
08-Mar-19,3,46,0.577
08-Mar-19,4,45,0.579
08-Mar-19,5,43,0.603
08-Mar-19,6,42,0.669
08-Mar-19,7,40,0.771
08-Mar-19,8,40,0.819
08-Mar-19,9,42,0.814
08-Mar-19,10,46,0.797
08-Mar-19,11,48,0.785
08-Mar-19,12,50,0.781
08-Mar-19,13,51,0.774
08-Mar-19,14,52,0.781
08-Mar-19,15,52,0.789
08-Mar-19,16,52,0.813
08-Mar-19,17,50,0.863
08-Mar-19,18,47,0.914
08-Mar-19,19,46,0.91
08-Mar-19,20,43,0.881
08-Mar-19,21,42,0.854
08-Mar-19,22,40,0.803
08-Mar-19,23,40,0.744
08-Mar-19,24,39,0.687
09-Mar-19,1,38,0.64
09-Mar-19,2,36,0.621
09-Mar-19,3,36,0.614
09-Mar-19,4,34,0.617
09-Mar-19,5,33,0.64
09-Mar-19,6,34,0.7
09-Mar-19,7,33,0.799
09-Mar-19,8,33,0.846
09-Mar-19,9,38,0.84
09-Mar-19,10,42,0.835
09-Mar-19,11,44,0.851
09-Mar-19,12,45,0.857
09-Mar-19,13,46,0.856
09-Mar-19,14,46,0.864
09-Mar-19,15,47,0.86
09-Mar-19,16,46,0.87
09-Mar-19,17,45,0.908
09-Mar-19,18,45,0.928
09-Mar-19,19,44,0.906
09-Mar-19,20,44,0.876
09-Mar-19,21,44,0.845
09-Mar-19,22,44,0.79
09-Mar-19,23,44,0.737
09-Mar-19,24,44,0.681
10-Mar-19,1,45,0.639
10-Mar-19,2,45,0.613
10-Mar-19,3,45,0.596
10-Mar-19,4,45,0.589
10-Mar-19,5,45,0.595
10-Mar-19,6,45,0.62
10-Mar-19,7,45,0.667
10-Mar-19,8,44,0.716
10-Mar-19,9,45,0.765
10-Mar-19,10,45,0.791
10-Mar-19,11,45,0.792
10-Mar-19,12,45,0.788
10-Mar-19,13,44,0.77
10-Mar-19,14,43,0.758
10-Mar-19,15,42,0.761
10-Mar-19,16,42,0.783
10-Mar-19,17,40,0.837
10-Mar-19,18,38,0.887
10-Mar-19,19,37,0.877
10-Mar-19,20,36,0.857
10-Mar-19,21,35,0.826
10-Mar-19,22,34,0.782
10-Mar-19,23,34,0.733
10-Mar-19,24,35,0.698
11-Mar-19,1,34,0.664
11-Mar-19,2,34,0.641
11-Mar-19,3,34,0.63
11-Mar-19,4,34,0.628
11-Mar-19,5,33,0.633
11-Mar-19,6,34,0.654
11-Mar-19,7,33,0.686
11-Mar-19,8,32,0.719
11-Mar-19,9,34,0.748
11-Mar-19,10,36,0.754
11-Mar-19,11,38,0.747
11-Mar-19,12,40,0.742
11-Mar-19,13,41,0.74
11-Mar-19,14,42,0.741
11-Mar-19,15,42,0.754
11-Mar-19,16,42,0.788
11-Mar-19,17,41,0.855
11-Mar-19,18,38,0.919
11-Mar-19,19,37,0.909
11-Mar-19,20,35,0.884
11-Mar-19,21,35,0.848
11-Mar-19,22,34,0.802
11-Mar-19,23,33,0.747
11-Mar-19,24,32,0.697
12-Mar-19,1,30,0.667
12-Mar-19,2,30,0.65
12-Mar-19,3,29,0.645
12-Mar-19,4,28,0.65
12-Mar-19,5,28,0.675
12-Mar-19,6,28,0.73
12-Mar-19,7,28,0.81
12-Mar-19,8,28,0.856
12-Mar-19,9,32,0.857
12-Mar-19,10,36,0.843
12-Mar-19,11,39,0.829
12-Mar-19,12,43,0.818
12-Mar-19,13,46,0.807
12-Mar-19,14,47,0.818
12-Mar-19,15,48,0.832
12-Mar-19,16,47,0.861
12-Mar-19,17,45,0.925
12-Mar-19,18,44,0.978
12-Mar-19,19,41,0.956
12-Mar-19,20,40,0.926
12-Mar-19,21,40,0.885
12-Mar-19,22,40,0.821
12-Mar-19,23,41,0.756
12-Mar-19,24,40,0.687
13-Mar-19,1,41,0.646
13-Mar-19,2,41,0.624
13-Mar-19,3,40,0.614
13-Mar-19,4,40,0.615
13-Mar-19,5,41,0.636
13-Mar-19,6,41,0.697
13-Mar-19,7,42,0.799
13-Mar-19,8,43,0.856
13-Mar-19,9,43,0.88
13-Mar-19,10,44,0.895
13-Mar-19,11,46,0.903
13-Mar-19,12,46,0.901
13-Mar-19,13,47,0.891
13-Mar-19,14,46,0.886
13-Mar-19,15,45,0.882
13-Mar-19,16,43,0.891
13-Mar-19,17,43,0.935
13-Mar-19,18,42,0.973
13-Mar-19,19,42,0.961
13-Mar-19,20,41,0.931
13-Mar-19,21,41,0.894
13-Mar-19,22,41,0.841
13-Mar-19,23,39,0.763
13-Mar-19,24,39,0.706
14-Mar-19,1,37,0.671
14-Mar-19,2,35,0.654
14-Mar-19,3,33,0.647
14-Mar-19,4,32,0.652
14-Mar-19,5,31,0.677
14-Mar-19,6,31,0.746
14-Mar-19,7,31,0.855
14-Mar-19,8,31,0.902
14-Mar-19,9,31,0.903
14-Mar-19,10,31,0.89
14-Mar-19,11,32,0.873
14-Mar-19,12,32,0.863
14-Mar-19,13,33,0.858
14-Mar-19,14,32,0.874
14-Mar-19,15,32,0.893
14-Mar-19,16,31,0.925
14-Mar-19,17,30,0.992
14-Mar-19,18,29,1.042
14-Mar-19,19,28,1.035
14-Mar-19,20,27,1.017
14-Mar-19,21,27,0.981
14-Mar-19,22,25,0.922
14-Mar-19,23,25,0.847
14-Mar-19,24,24,0.783
15-Mar-19,1,23,0.744
15-Mar-19,2,23,0.723
15-Mar-19,3,22,0.715
15-Mar-19,4,22,0.717
15-Mar-19,5,21,0.741
15-Mar-19,6,21,0.808
15-Mar-19,7,21,0.914
15-Mar-19,8,21,0.961
15-Mar-19,9,22,0.968
15-Mar-19,10,24,0.968
15-Mar-19,11,25,0.961
15-Mar-19,12,27,0.951
15-Mar-19,13,28,0.947
15-Mar-19,14,29,0.962
15-Mar-19,15,29,0.965
15-Mar-19,16,29,0.978
15-Mar-19,17,29,1.025
15-Mar-19,18,29,1.054
15-Mar-19,19,28,1.041
15-Mar-19,20,29,1.018
15-Mar-19,21,28,0.979
15-Mar-19,22,28,0.919
15-Mar-19,23,28,0.843
15-Mar-19,24,29,0.78
16-Mar-19,1,29,0.738
16-Mar-19,2,31,0.713
16-Mar-19,3,32,0.701
16-Mar-19,4,33,0.698
16-Mar-19,5,34,0.717
16-Mar-19,6,35,0.769
16-Mar-19,7,35,0.851
16-Mar-19,8,35,0.909
16-Mar-19,9,35,0.947
16-Mar-19,10,35,0.959
16-Mar-19,11,36,0.96
16-Mar-19,12,35,0.959
16-Mar-19,13,34,0.947
16-Mar-19,14,35,0.935
16-Mar-19,15,37,0.926
16-Mar-19,16,37,0.926
16-Mar-19,17,36,0.966
16-Mar-19,18,36,1.002
16-Mar-19,19,36,0.979
16-Mar-19,20,35,0.945
16-Mar-19,21,35,0.906
16-Mar-19,22,35,0.858
16-Mar-19,23,35,0.799
16-Mar-19,24,35,0.742
17-Mar-19,1,36,0.7
17-Mar-19,2,35,0.674
17-Mar-19,3,36,0.66
17-Mar-19,4,36,0.654
17-Mar-19,5,36,0.661
17-Mar-19,6,37,0.686
17-Mar-19,7,37,0.729
17-Mar-19,8,37,0.774
17-Mar-19,9,38,0.81
17-Mar-19,10,40,0.817
17-Mar-19,11,42,0.815
17-Mar-19,12,43,0.811
17-Mar-19,13,44,0.812
17-Mar-19,14,45,0.809
17-Mar-19,15,44,0.812
17-Mar-19,16,44,0.827
17-Mar-19,17,43,0.878
17-Mar-19,18,42,0.912
17-Mar-19,19,42,0.894
17-Mar-19,20,41,0.867
17-Mar-19,21,40,0.838
17-Mar-19,22,40,0.801
17-Mar-19,23,39,0.754
17-Mar-19,24,39,0.706
18-Mar-19,1,37,0.669
18-Mar-19,2,37,0.646
18-Mar-19,3,37,0.635
18-Mar-19,4,36,0.632
18-Mar-19,5,35,0.638
18-Mar-19,6,35,0.658
18-Mar-19,7,34,0.693
18-Mar-19,8,33,0.729
18-Mar-19,9,33,0.763
18-Mar-19,10,34,0.782
18-Mar-19,11,36,0.798
18-Mar-19,12,36,0.811
18-Mar-19,13,37,0.816
18-Mar-19,14,38,0.822
18-Mar-19,15,37,0.829
18-Mar-19,16,37,0.851
18-Mar-19,17,36,0.919
18-Mar-19,18,36,0.959
18-Mar-19,19,36,0.944
18-Mar-19,20,36,0.914
18-Mar-19,21,36,0.875
18-Mar-19,22,36,0.823
18-Mar-19,23,36,0.758
18-Mar-19,24,36,0.702
19-Mar-19,1,35,0.666
19-Mar-19,2,34,0.647
19-Mar-19,3,34,0.639
19-Mar-19,4,34,0.645
19-Mar-19,5,34,0.669
19-Mar-19,6,34,0.732
19-Mar-19,7,34,0.838
19-Mar-19,8,34,0.899
19-Mar-19,9,34,0.917
19-Mar-19,10,35,0.926
19-Mar-19,11,36,0.929
19-Mar-19,12,36,0.922
19-Mar-19,13,37,0.909
19-Mar-19,14,38,0.905
19-Mar-19,15,39,0.898
19-Mar-19,16,39,0.908
19-Mar-19,17,39,0.957
19-Mar-19,18,38,0.996
19-Mar-19,19,38,0.984
19-Mar-19,20,38,0.956
19-Mar-19,21,37,0.916
19-Mar-19,22,37,0.857
19-Mar-19,23,37,0.785
19-Mar-19,24,36,0.721
20-Mar-19,1,36,0.678
20-Mar-19,2,36,0.653
20-Mar-19,3,36,0.643
20-Mar-19,4,36,0.644
20-Mar-19,5,35,0.666
20-Mar-19,6,35,0.726
20-Mar-19,7,35,0.831
20-Mar-19,8,35,0.898
20-Mar-19,9,35,0.922
20-Mar-19,10,35,0.936
20-Mar-19,11,35,0.944
20-Mar-19,12,35,0.949
20-Mar-19,13,36,0.946
20-Mar-19,14,36,0.945
20-Mar-19,15,36,0.939
20-Mar-19,16,36,0.946
20-Mar-19,17,35,0.987
20-Mar-19,18,35,1.019
20-Mar-19,19,34,1.006
20-Mar-19,20,33,0.98
20-Mar-19,21,33,0.944
20-Mar-19,22,31,0.89
20-Mar-19,23,33,0.821
20-Mar-19,24,33,0.758
21-Mar-19,1,32,0.716
21-Mar-19,2,31,0.694
21-Mar-19,3,30,0.684
21-Mar-19,4,29,0.686
21-Mar-19,5,28,0.708
21-Mar-19,6,29,0.765
21-Mar-19,7,29,0.855
21-Mar-19,8,29,0.91
21-Mar-19,9,31,0.929
21-Mar-19,10,32,0.936
21-Mar-19,11,35,0.949
21-Mar-19,12,35,0.949
21-Mar-19,13,37,0.935
21-Mar-19,14,38,0.925
21-Mar-19,15,39,0.914
21-Mar-19,16,39,0.923
21-Mar-19,17,39,0.977
21-Mar-19,18,35,1.015
21-Mar-19,19,34,1.004
21-Mar-19,20,31,0.986
21-Mar-19,21,28,0.959
21-Mar-19,22,26,0.915
21-Mar-19,23,24,0.855
21-Mar-19,24,22,0.797
22-Mar-19,1,20,0.761
22-Mar-19,2,18,0.742
22-Mar-19,3,17,0.733
22-Mar-19,4,16,0.735
22-Mar-19,5,14,0.748
22-Mar-19,6,13,0.782
22-Mar-19,7,11,0.828
22-Mar-19,8,11,0.876
22-Mar-19,9,12,0.921
22-Mar-19,10,13,0.953
22-Mar-19,11,15,0.968
22-Mar-19,12,17,0.969
22-Mar-19,13,18,0.947
22-Mar-19,14,19,0.909
22-Mar-19,15,19,0.884
22-Mar-19,16,18,0.883
22-Mar-19,17,17,0.915
22-Mar-19,18,16,0.935
22-Mar-19,19,16,0.929
22-Mar-19,20,15,0.926
22-Mar-19,21,14,0.921
22-Mar-19,22,14,0.901
22-Mar-19,23,13,0.864
22-Mar-19,24,12,0.822
23-Mar-19,1,12,0.799
23-Mar-19,2,11,0.785
23-Mar-19,3,11,0.778
23-Mar-19,4,11,0.781
23-Mar-19,5,11,0.797
23-Mar-19,6,10,0.832
23-Mar-19,7,10,0.877
23-Mar-19,8,10,0.909
23-Mar-19,9,12,0.919
23-Mar-19,10,17,0.913
23-Mar-19,11,20,0.901
23-Mar-19,12,23,0.887
23-Mar-19,13,26,0.872
23-Mar-19,14,27,0.868
23-Mar-19,15,29,0.88
23-Mar-19,16,29,0.909
23-Mar-19,17,29,0.971
23-Mar-19,18,27,1.009
23-Mar-19,19,26,0.995
23-Mar-19,20,25,0.972
23-Mar-19,21,26,0.946
23-Mar-19,22,25,0.907
23-Mar-19,23,25,0.854
23-Mar-19,24,24,0.8
24-Mar-19,1,25,0.759
24-Mar-19,2,24,0.733
24-Mar-19,3,25,0.719
24-Mar-19,4,25,0.715
24-Mar-19,5,24,0.721
24-Mar-19,6,24,0.742
24-Mar-19,7,24,0.779
24-Mar-19,8,24,0.816
24-Mar-19,9,27,0.846
24-Mar-19,10,30,0.849
24-Mar-19,11,34,0.837
24-Mar-19,12,36,0.83
24-Mar-19,13,38,0.818
24-Mar-19,14,40,0.816
24-Mar-19,15,40,0.826
24-Mar-19,16,41,0.848
24-Mar-19,17,41,0.898
24-Mar-19,18,40,0.926
24-Mar-19,19,39,0.908
24-Mar-19,20,39,0.884
24-Mar-19,21,38,0.855
24-Mar-19,22,38,0.816
24-Mar-19,23,39,0.765
24-Mar-19,24,39,0.712
25-Mar-19,1,39,0.673
25-Mar-19,2,39,0.646
25-Mar-19,3,39,0.631
25-Mar-19,4,39,0.624
25-Mar-19,5,39,0.627
25-Mar-19,6,40,0.642
25-Mar-19,7,41,0.672
25-Mar-19,8,41,0.707
25-Mar-19,9,42,0.754
25-Mar-19,10,42,0.792
25-Mar-19,11,43,0.815
25-Mar-19,12,44,0.826
25-Mar-19,13,45,0.83
25-Mar-19,14,46,0.828
25-Mar-19,15,46,0.83
25-Mar-19,16,45,0.845
25-Mar-19,17,44,0.904
25-Mar-19,18,43,0.937
25-Mar-19,19,43,0.923
25-Mar-19,20,43,0.893
25-Mar-19,21,42,0.853
25-Mar-19,22,42,0.796
25-Mar-19,23,41,0.731
25-Mar-19,24,41,0.677
26-Mar-19,1,41,0.641
26-Mar-19,2,41,0.621
26-Mar-19,3,39,0.613
26-Mar-19,4,39,0.617
26-Mar-19,5,39,0.643
26-Mar-19,6,39,0.708
26-Mar-19,7,38,0.812
26-Mar-19,8,38,0.857
26-Mar-19,9,39,0.886
26-Mar-19,10,39,0.889
26-Mar-19,11,41,0.903
26-Mar-19,12,42,0.906
26-Mar-19,13,42,0.906
26-Mar-19,14,42,0.908
26-Mar-19,15,43,0.905
26-Mar-19,16,43,0.923
26-Mar-19,17,43,0.972
26-Mar-19,18,42,1.001
26-Mar-19,19,42,0.988
26-Mar-19,20,42,0.96
26-Mar-19,21,42,0.92
26-Mar-19,22,41,0.861
26-Mar-19,23,40,0.784
26-Mar-19,24,40,0.719
27-Mar-19,1,39,0.678
27-Mar-19,2,39,0.654
27-Mar-19,3,38,0.642
27-Mar-19,4,39,0.642
27-Mar-19,5,39,0.662
27-Mar-19,6,39,0.721
27-Mar-19,7,38,0.821
27-Mar-19,8,38,0.875
27-Mar-19,9,39,0.889
27-Mar-19,10,39,0.892
27-Mar-19,11,39,0.893
27-Mar-19,12,40,0.892
27-Mar-19,13,40,0.883
27-Mar-19,14,41,0.882
27-Mar-19,15,41,0.886
27-Mar-19,16,40,0.904
27-Mar-19,17,40,0.962
27-Mar-19,18,40,1.008
27-Mar-19,19,38,0.999
27-Mar-19,20,37,0.973
27-Mar-19,21,37,0.933
27-Mar-19,22,36,0.873
27-Mar-19,23,35,0.797
27-Mar-19,24,35,0.732
28-Mar-19,1,35,0.692
28-Mar-19,2,35,0.668
28-Mar-19,3,35,0.658
28-Mar-19,4,35,0.661
28-Mar-19,5,34,0.683
28-Mar-19,6,34,0.747
28-Mar-19,7,34,0.852
28-Mar-19,8,34,0.9
28-Mar-19,9,35,0.901
28-Mar-19,10,36,0.888
28-Mar-19,11,38,0.883
28-Mar-19,12,38,0.893
28-Mar-19,13,39,0.897
28-Mar-19,14,40,0.9
28-Mar-19,15,40,0.901
28-Mar-19,16,39,0.919
28-Mar-19,17,39,0.979
28-Mar-19,18,38,1.022
28-Mar-19,19,38,1.011
28-Mar-19,20,37,0.986
28-Mar-19,21,37,0.947
28-Mar-19,22,36,0.886
28-Mar-19,23,37,0.809
28-Mar-19,24,36,0.74
29-Mar-19,1,36,0.698
29-Mar-19,2,36,0.676
29-Mar-19,3,37,0.664
29-Mar-19,4,36,0.666
29-Mar-19,5,36,0.689
29-Mar-19,6,37,0.753
29-Mar-19,7,37,0.858
29-Mar-19,8,36,0.906
29-Mar-19,9,37,0.896
29-Mar-19,10,39,0.882
29-Mar-19,11,40,0.881
29-Mar-19,12,41,0.881
29-Mar-19,13,41,0.876
29-Mar-19,14,41,0.877
29-Mar-19,15,42,0.881
29-Mar-19,16,41,0.902
29-Mar-19,17,40,0.964
29-Mar-19,18,39,1.012
29-Mar-19,19,38,1.004
29-Mar-19,20,37,0.981
29-Mar-19,21,36,0.946
29-Mar-19,22,34,0.889
29-Mar-19,23,34,0.814
29-Mar-19,24,33,0.75
30-Mar-19,1,33,0.708
30-Mar-19,2,31,0.688
30-Mar-19,3,32,0.677
30-Mar-19,4,31,0.68
30-Mar-19,5,29,0.705
30-Mar-19,6,29,0.769
30-Mar-19,7,29,0.876
30-Mar-19,8,29,0.926
30-Mar-19,9,32,0.917
30-Mar-19,10,34,0.898
30-Mar-19,11,37,0.887
30-Mar-19,12,38,0.89
30-Mar-19,13,38,0.898
30-Mar-19,14,38,0.905
30-Mar-19,15,37,0.904
30-Mar-19,16,37,0.915
30-Mar-19,17,36,0.967
30-Mar-19,18,35,0.994
30-Mar-19,19,35,0.976
30-Mar-19,20,35,0.948
30-Mar-19,21,35,0.913
30-Mar-19,22,34,0.865
30-Mar-19,23,34,0.805
30-Mar-19,24,33,0.744
31-Mar-19,1,32,0.701
31-Mar-19,2,32,0.676
31-Mar-19,3,32,0.665
31-Mar-19,4,31,0.662
31-Mar-19,5,30,0.674
31-Mar-19,6,30,0.7
31-Mar-19,7,30,0.746
31-Mar-19,8,30,0.793
31-Mar-19,9,32,0.827
31-Mar-19,10,34,0.83
31-Mar-19,11,37,0.819
31-Mar-19,12,39,0.808
31-Mar-19,13,39,0.796
31-Mar-19,14,40,0.79
31-Mar-19,15,41,0.803
31-Mar-19,16,40,0.828
31-Mar-19,17,39,0.896
31-Mar-19,18,38,0.934
31-Mar-19,19,36,0.921
31-Mar-19,20,36,0.897
31-Mar-19,21,36,0.868
31-Mar-19,22,36,0.827
31-Mar-19,23,36,0.773
31-Mar-19,24,36,0.718
01-Apr-19,1,36,0.675
01-Apr-19,2,37,0.647
01-Apr-19,3,36,0.629
01-Apr-19,4,37,0.624
01-Apr-19,5,36,0.627
01-Apr-19,6,37,0.647
01-Apr-19,7,37,0.682
01-Apr-19,8,38,0.723
01-Apr-19,9,39,0.779
01-Apr-19,10,40,0.826
01-Apr-19,11,41,0.848
01-Apr-19,12,42,0.859
01-Apr-19,13,43,0.862
01-Apr-19,14,44,0.858
01-Apr-19,15,45,0.856
01-Apr-19,16,45,0.869
01-Apr-19,17,45,0.918
01-Apr-19,18,45,0.945
01-Apr-19,19,45,0.926
01-Apr-19,20,45,0.895
01-Apr-19,21,44,0.859
01-Apr-19,22,44,0.8
01-Apr-19,23,43,0.733
01-Apr-19,24,44,0.671
02-Apr-19,1,44,0.636
02-Apr-19,2,43,0.613
02-Apr-19,3,43,0.603
02-Apr-19,4,43,0.604
02-Apr-19,5,43,0.627
02-Apr-19,6,43,0.69
02-Apr-19,7,43,0.798
02-Apr-19,8,44,0.856
02-Apr-19,9,45,0.86
02-Apr-19,10,48,0.843
02-Apr-19,11,51,0.83
02-Apr-19,12,53,0.837
02-Apr-19,13,52,0.838
02-Apr-19,14,52,0.842
02-Apr-19,15,52,0.848
02-Apr-19,16,51,0.864
02-Apr-19,17,49,0.928
02-Apr-19,18,48,0.979
02-Apr-19,19,46,0.976
02-Apr-19,20,45,0.952
02-Apr-19,21,45,0.912
02-Apr-19,22,44,0.853
02-Apr-19,23,42,0.775
02-Apr-19,24,41,0.709
03-Apr-19,1,39,0.668
03-Apr-19,2,37,0.648
03-Apr-19,3,36,0.642
03-Apr-19,4,35,0.647
03-Apr-19,5,34,0.674
03-Apr-19,6,34,0.742
03-Apr-19,7,34,0.855
03-Apr-19,8,33,0.911
03-Apr-19,9,34,0.912
03-Apr-19,10,34,0.895
03-Apr-19,11,35,0.876
03-Apr-19,12,36,0.863
03-Apr-19,13,36,0.855
03-Apr-19,14,36,0.861
03-Apr-19,15,35,0.879
03-Apr-19,16,34,0.912
03-Apr-19,17,32,0.988
03-Apr-19,18,30,1.047
03-Apr-19,19,28,1.045
03-Apr-19,20,27,1.027
03-Apr-19,21,26,0.991
03-Apr-19,22,26,0.931
03-Apr-19,23,25,0.851
03-Apr-19,24,25,0.788
04-Apr-19,1,24,0.75
04-Apr-19,2,23,0.73
04-Apr-19,3,21,0.723
04-Apr-19,4,21,0.725
04-Apr-19,5,20,0.751
04-Apr-19,6,21,0.82
04-Apr-19,7,21,0.93
04-Apr-19,8,21,0.982
04-Apr-19,9,22,0.966
04-Apr-19,10,26,0.938
04-Apr-19,11,28,0.926
04-Apr-19,12,30,0.894
04-Apr-19,13,32,0.896
04-Apr-19,14,33,0.91
04-Apr-19,15,33,0.929
04-Apr-19,16,32,0.956
04-Apr-19,17,32,1.023
04-Apr-19,18,31,1.066
04-Apr-19,19,30,1.058
04-Apr-19,20,29,1.035
04-Apr-19,21,28,0.999
04-Apr-19,22,28,0.937
04-Apr-19,23,27,0.857
04-Apr-19,24,27,0.787
05-Apr-19,1,27,0.745
05-Apr-19,2,27,0.723
05-Apr-19,3,26,0.713
05-Apr-19,4,27,0.716
05-Apr-19,5,25,0.741
05-Apr-19,6,26,0.808
05-Apr-19,7,25,0.921
05-Apr-19,8,24,0.971
05-Apr-19,9,26,0.957
05-Apr-19,10,30,0.935
05-Apr-19,11,33,0.916
05-Apr-19,12,35,0.906
05-Apr-19,13,36,0.899
05-Apr-19,14,37,0.906
05-Apr-19,15,37,0.917
05-Apr-19,16,37,0.941
05-Apr-19,17,36,1.008
05-Apr-19,18,35,1.05
05-Apr-19,19,33,1.044
05-Apr-19,20,33,1.022
05-Apr-19,21,33,0.985
05-Apr-19,22,32,0.925
05-Apr-19,23,33,0.845
05-Apr-19,24,33,0.774
06-Apr-19,1,33,0.727
06-Apr-19,2,32,0.702
06-Apr-19,3,32,0.691
06-Apr-19,4,31,0.692
06-Apr-19,5,31,0.714
06-Apr-19,6,31,0.779
06-Apr-19,7,31,0.887
06-Apr-19,8,31,0.938
06-Apr-19,9,31,0.931
06-Apr-19,10,33,0.907
06-Apr-19,11,34,0.889
06-Apr-19,12,35,0.872
06-Apr-19,13,35,0.864
06-Apr-19,14,34,0.872
06-Apr-19,15,35,0.89
06-Apr-19,16,34,0.924
06-Apr-19,17,31,0.996
06-Apr-19,18,30,1.04
06-Apr-19,19,28,1.029
06-Apr-19,20,27,1.007
06-Apr-19,21,26,0.979
06-Apr-19,22,24,0.938
06-Apr-19,23,23,0.878
06-Apr-19,24,21,0.817
07-Apr-19,1,21,0.775
07-Apr-19,2,19,0.751
07-Apr-19,3,19,0.742
07-Apr-19,4,18,0.741
07-Apr-19,5,17,0.754
07-Apr-19,6,17,0.784
07-Apr-19,7,16,0.836
07-Apr-19,8,16,0.885
07-Apr-19,9,17,0.917
07-Apr-19,10,20,0.913
07-Apr-19,11,22,0.898
07-Apr-19,12,25,0.883
07-Apr-19,13,26,0.873
07-Apr-19,14,28,0.87
07-Apr-19,15,29,0.886
07-Apr-19,16,28,0.92
07-Apr-19,17,27,0.99
07-Apr-19,18,25,1.031
07-Apr-19,19,24,1.018
07-Apr-19,20,23,0.994
07-Apr-19,21,23,0.968
07-Apr-19,22,22,0.931
07-Apr-19,23,21,0.879
07-Apr-19,24,21,0.825
08-Apr-19,1,20,0.785
08-Apr-19,2,19,0.758
08-Apr-19,3,20,0.746
08-Apr-19,4,19,0.743
08-Apr-19,5,19,0.75
08-Apr-19,6,19,0.77
08-Apr-19,7,19,0.807
08-Apr-19,8,18,0.845
08-Apr-19,9,20,0.88
08-Apr-19,10,23,0.901
08-Apr-19,11,26,0.892
08-Apr-19,12,29,0.878
08-Apr-19,13,32,0.872
08-Apr-19,14,33,0.872
08-Apr-19,15,33,0.887
08-Apr-19,16,33,0.919
08-Apr-19,17,31,1
08-Apr-19,18,30,1.05
08-Apr-19,19,29,1.041
08-Apr-19,20,29,1.015
08-Apr-19,21,28,0.978
08-Apr-19,22,27,0.92
08-Apr-19,23,28,0.844
08-Apr-19,24,27,0.781
09-Apr-19,1,25,0.744
09-Apr-19,2,24,0.725
09-Apr-19,3,23,0.718
09-Apr-19,4,23,0.725
09-Apr-19,5,23,0.753
09-Apr-19,6,23,0.823
09-Apr-19,7,22,0.936
09-Apr-19,8,23,0.991
09-Apr-19,9,24,0.98
09-Apr-19,10,29,0.949
09-Apr-19,11,32,0.925
09-Apr-19,12,34,0.908
09-Apr-19,13,35,0.895
09-Apr-19,14,36,0.899
09-Apr-19,15,36,0.914
09-Apr-19,16,36,0.948
09-Apr-19,17,34,1.027
09-Apr-19,18,31,1.09
09-Apr-19,19,29,1.085
09-Apr-19,20,28,1.067
09-Apr-19,21,26,1.03
09-Apr-19,22,24,0.969
09-Apr-19,23,23,0.889
09-Apr-19,24,22,0.817
10-Apr-19,1,21,0.778
10-Apr-19,2,20,0.758
10-Apr-19,3,19,0.753
10-Apr-19,4,18,0.758
10-Apr-19,5,18,0.785
10-Apr-19,6,17,0.855
10-Apr-19,7,16,0.967
10-Apr-19,8,17,1.017
10-Apr-19,9,19,1.006
10-Apr-19,10,23,0.975
10-Apr-19,11,27,0.947
10-Apr-19,12,28,0.922
10-Apr-19,13,31,0.908
10-Apr-19,14,33,0.912
10-Apr-19,15,35,0.925
10-Apr-19,16,34,0.948
10-Apr-19,17,33,1.021
10-Apr-19,18,30,1.076
10-Apr-19,19,29,1.069
10-Apr-19,20,27,1.049
10-Apr-19,21,28,1.015
10-Apr-19,22,29,0.949
10-Apr-19,23,29,0.866
10-Apr-19,24,29,0.79
11-Apr-19,1,28,0.755
11-Apr-19,2,27,0.733
11-Apr-19,3,26,0.724
11-Apr-19,4,26,0.727
11-Apr-19,5,25,0.751
11-Apr-19,6,25,0.818
11-Apr-19,7,26,0.929
11-Apr-19,8,26,0.986
11-Apr-19,9,27,0.979
11-Apr-19,10,30,0.948
11-Apr-19,11,32,0.927
11-Apr-19,12,34,0.917
11-Apr-19,13,34,0.91
11-Apr-19,14,35,0.911
11-Apr-19,15,35,0.918
11-Apr-19,16,35,0.949
11-Apr-19,17,32,1.029
11-Apr-19,18,29,1.078
11-Apr-19,19,28,1.072
11-Apr-19,20,26,1.058
11-Apr-19,21,25,1.024
11-Apr-19,22,23,0.968
11-Apr-19,23,22,0.889
11-Apr-19,24,21,0.824
12-Apr-19,1,19,0.786
12-Apr-19,2,19,0.765
12-Apr-19,3,18,0.758
12-Apr-19,4,18,0.76
12-Apr-19,5,18,0.785
12-Apr-19,6,18,0.853
12-Apr-19,7,18,0.965
12-Apr-19,8,18,1.023
12-Apr-19,9,18,1.019
12-Apr-19,10,20,0.999
12-Apr-19,11,23,0.982
12-Apr-19,12,26,0.977
12-Apr-19,13,27,0.974
12-Apr-19,14,28,0.98
12-Apr-19,15,29,0.983
12-Apr-19,16,28,1
12-Apr-19,17,28,1.061
12-Apr-19,18,28,1.094
12-Apr-19,19,28,1.085
12-Apr-19,20,28,1.063
12-Apr-19,21,29,1.023
12-Apr-19,22,28,0.962
12-Apr-19,23,28,0.88
12-Apr-19,24,29,0.804
13-Apr-19,1,29,0.757
13-Apr-19,2,29,0.73
13-Apr-19,3,29,0.718
13-Apr-19,4,29,0.719
13-Apr-19,5,28,0.741
13-Apr-19,6,29,0.804
13-Apr-19,7,28,0.909
13-Apr-19,8,29,0.966
13-Apr-19,9,30,0.964
13-Apr-19,10,32,0.942
13-Apr-19,11,36,0.925
13-Apr-19,12,38,0.912
13-Apr-19,13,40,0.899
13-Apr-19,14,41,0.9
13-Apr-19,15,42,0.907
13-Apr-19,16,41,0.925
13-Apr-19,17,41,0.984
13-Apr-19,18,41,1.009
13-Apr-19,19,41,0.986
13-Apr-19,20,41,0.956
13-Apr-19,21,41,0.922
13-Apr-19,22,41,0.875
13-Apr-19,23,42,0.808
13-Apr-19,24,43,0.74
14-Apr-19,1,43,0.689
14-Apr-19,2,44,0.659
14-Apr-19,3,44,0.643
14-Apr-19,4,45,0.635
14-Apr-19,5,44,0.641
14-Apr-19,6,44,0.664
14-Apr-19,7,44,0.709
14-Apr-19,8,44,0.762
14-Apr-19,9,44,0.813
14-Apr-19,10,45,0.837
14-Apr-19,11,46,0.837
14-Apr-19,12,48,0.822
14-Apr-19,13,49,0.816
14-Apr-19,14,50,0.813
14-Apr-19,15,50,0.816
14-Apr-19,16,49,0.83
14-Apr-19,17,47,0.89
14-Apr-19,18,45,0.923
14-Apr-19,19,44,0.909
14-Apr-19,20,42,0.884
14-Apr-19,21,42,0.859
14-Apr-19,22,40,0.825
14-Apr-19,23,39,0.776
14-Apr-19,24,38,0.721
15-Apr-19,1,37,0.677
15-Apr-19,2,36,0.65
15-Apr-19,3,36,0.636
15-Apr-19,4,35,0.632
15-Apr-19,5,35,0.637
15-Apr-19,6,35,0.656
15-Apr-19,7,36,0.691
15-Apr-19,8,35,0.737
15-Apr-19,9,36,0.792
15-Apr-19,10,36,0.835
15-Apr-19,11,37,0.854
15-Apr-19,12,38,0.863
15-Apr-19,13,39,0.866
15-Apr-19,14,40,0.867
15-Apr-19,15,40,0.871
15-Apr-19,16,40,0.892
15-Apr-19,17,39,0.958
15-Apr-19,18,38,0.99
15-Apr-19,19,38,0.979
15-Apr-19,20,37,0.955
15-Apr-19,21,37,0.922
15-Apr-19,22,37,0.865
15-Apr-19,23,36,0.792
15-Apr-19,24,36,0.727
16-Apr-19,1,36,0.668
16-Apr-19,2,36,0.659
16-Apr-19,3,35,0.651
16-Apr-19,4,35,0.653
16-Apr-19,5,35,0.681
16-Apr-19,6,34,0.746
16-Apr-19,7,34,0.852
16-Apr-19,8,35,0.917
16-Apr-19,9,35,0.933
16-Apr-19,10,36,0.932
16-Apr-19,11,36,0.936
16-Apr-19,12,37,0.934
16-Apr-19,13,38,0.928
16-Apr-19,14,39,0.929
16-Apr-19,15,40,0.922
16-Apr-19,16,40,0.942
16-Apr-19,17,39,1.009
16-Apr-19,18,38,1.055
16-Apr-19,19,38,1.047
16-Apr-19,20,37,1.021
16-Apr-19,21,36,0.983
16-Apr-19,22,37,0.919
16-Apr-19,23,36,0.838
16-Apr-19,24,36,0.765
17-Apr-19,1,34,0.721
17-Apr-19,2,33,0.702
17-Apr-19,3,31,0.699
17-Apr-19,4,28,0.709
17-Apr-19,5,26,0.741
17-Apr-19,6,24,0.813
17-Apr-19,7,23,0.93
17-Apr-19,8,23,0.992
17-Apr-19,9,23,0.993
17-Apr-19,10,24,0.977
17-Apr-19,11,26,0.953
17-Apr-19,12,26,0.933
17-Apr-19,13,29,0.919
17-Apr-19,14,29,0.926
17-Apr-19,15,29,0.942
17-Apr-19,16,29,0.978
17-Apr-19,17,28,1.051
17-Apr-19,18,27,1.106
17-Apr-19,19,26,1.103
17-Apr-19,20,25,1.087
17-Apr-19,21,24,1.053
17-Apr-19,22,23,0.996
17-Apr-19,23,22,0.913
17-Apr-19,24,22,0.838
18-Apr-19,1,21,0.79
18-Apr-19,2,21,0.766
18-Apr-19,3,21,0.755
18-Apr-19,4,20,0.757
18-Apr-19,5,20,0.781
18-Apr-19,6,20,0.846
18-Apr-19,7,20,0.957
18-Apr-19,8,20,1.013
18-Apr-19,9,21,1.002
18-Apr-19,10,25,0.967
18-Apr-19,11,28,0.935
18-Apr-19,12,31,0.908
18-Apr-19,13,33,0.888
18-Apr-19,14,36,0.891
18-Apr-19,15,38,0.906
18-Apr-19,16,38,0.933
18-Apr-19,17,37,1.009
18-Apr-19,18,34,1.064
18-Apr-19,19,33,1.059
18-Apr-19,20,32,1.04
18-Apr-19,21,32,1.007
18-Apr-19,22,31,0.949
18-Apr-19,23,30,0.872
18-Apr-19,24,30,0.798
19-Apr-19,1,29,0.749
19-Apr-19,2,27,0.725
19-Apr-19,3,28,0.714
19-Apr-19,4,27,0.716
19-Apr-19,5,26,0.74
19-Apr-19,6,26,0.805
19-Apr-19,7,26,0.912
19-Apr-19,8,26,0.969
19-Apr-19,9,27,0.957
19-Apr-19,10,32,0.921
19-Apr-19,11,37,0.888
19-Apr-19,12,41,0.87
19-Apr-19,13,44,0.863
19-Apr-19,14,45,0.874
19-Apr-19,15,45,0.887
19-Apr-19,16,44,0.912
19-Apr-19,17,42,0.98
19-Apr-19,18,41,1.018
19-Apr-19,19,41,1.009
19-Apr-19,20,40,0.987
19-Apr-19,21,40,0.952
19-Apr-19,22,40,0.896
19-Apr-19,23,39,0.818
19-Apr-19,24,39,0.743
20-Apr-19,1,39,0.689
20-Apr-19,2,39,0.66
20-Apr-19,3,40,0.644
20-Apr-19,4,40,0.641
20-Apr-19,5,40,0.659
20-Apr-19,6,41,0.714
20-Apr-19,7,43,0.808
20-Apr-19,8,45,0.874
20-Apr-19,9,48,0.902
20-Apr-19,10,54,0.916
20-Apr-19,11,57,0.923
20-Apr-19,12,58,0.924
20-Apr-19,13,59,0.914
20-Apr-19,14,59,0.908
20-Apr-19,15,60,0.899
20-Apr-19,16,60,0.902
20-Apr-19,17,59,0.94
20-Apr-19,18,58,0.958
20-Apr-19,19,58,0.933
20-Apr-19,20,56,0.899
20-Apr-19,21,55,0.862
20-Apr-19,22,55,0.814
20-Apr-19,23,54,0.754
20-Apr-19,24,54,0.687
21-Apr-19,1,54,0.635
21-Apr-19,2,54,0.604
21-Apr-19,3,53,0.586
21-Apr-19,4,53,0.578
21-Apr-19,5,52,0.582
21-Apr-19,6,52,0.605
21-Apr-19,7,51,0.647
21-Apr-19,8,50,0.699
21-Apr-19,9,50,0.753
21-Apr-19,10,48,0.791
21-Apr-19,11,46,0.811
21-Apr-19,12,45,0.812
21-Apr-19,13,43,0.805
21-Apr-19,14,42,0.797
21-Apr-19,15,42,0.8
21-Apr-19,16,40,0.822
21-Apr-19,17,39,0.885
21-Apr-19,18,38,0.931
21-Apr-19,19,37,0.924
21-Apr-19,20,36,0.905
21-Apr-19,21,36,0.882
21-Apr-19,22,36,0.85
21-Apr-19,23,35,0.801
21-Apr-19,24,35,0.743
22-Apr-19,1,34,0.697
22-Apr-19,2,34,0.668
22-Apr-19,3,34,0.655
22-Apr-19,4,33,0.651
22-Apr-19,5,32,0.658
22-Apr-19,6,32,0.678
22-Apr-19,7,31,0.717
22-Apr-19,8,30,0.762
22-Apr-19,9,30,0.797
22-Apr-19,10,32,0.806
22-Apr-19,11,33,0.8
22-Apr-19,12,34,0.789
22-Apr-19,13,36,0.784
22-Apr-19,14,37,0.786
22-Apr-19,15,38,0.801
22-Apr-19,16,37,0.831
22-Apr-19,17,36,0.905
22-Apr-19,18,33,0.96
22-Apr-19,19,32,0.959
22-Apr-19,20,31,0.942
22-Apr-19,21,29,0.921
22-Apr-19,22,29,0.882
22-Apr-19,23,29,0.824
22-Apr-19,24,29,0.763
23-Apr-19,1,29,0.716
23-Apr-19,2,29,0.686
23-Apr-19,3,29,0.673
23-Apr-19,4,30,0.671
23-Apr-19,5,30,0.685
23-Apr-19,6,29,0.719
23-Apr-19,7,29,0.773
23-Apr-19,8,29,0.826
23-Apr-19,9,29,0.87
23-Apr-19,10,30,0.891
23-Apr-19,11,32,0.904
23-Apr-19,12,33,0.913
23-Apr-19,13,33,0.907
23-Apr-19,14,34,0.899
23-Apr-19,15,35,0.898
23-Apr-19,16,36,0.908
23-Apr-19,17,35,0.948
23-Apr-19,18,35,0.957
23-Apr-19,19,34,0.916
23-Apr-19,20,34,0.878
23-Apr-19,21,34,0.855
23-Apr-19,22,34,0.832
23-Apr-19,23,33,0.796
23-Apr-19,24,32,0.75
24-Apr-19,1,32,0.708
24-Apr-19,2,33,0.68
24-Apr-19,3,32,0.665
24-Apr-19,4,32,0.661
24-Apr-19,5,31,0.668
24-Apr-19,6,31,0.69
24-Apr-19,7,30,0.728
24-Apr-19,8,29,0.77
24-Apr-19,9,29,0.801
24-Apr-19,10,31,0.804
24-Apr-19,11,33,0.792
24-Apr-19,12,34,0.784
24-Apr-19,13,35,0.776
24-Apr-19,14,36,0.769
24-Apr-19,15,36,0.772
24-Apr-19,16,35,0.793
24-Apr-19,17,34,0.848
24-Apr-19,18,31,0.884
24-Apr-19,19,30,0.882
24-Apr-19,20,28,0.877
24-Apr-19,21,28,0.868
24-Apr-19,22,26,0.844
24-Apr-19,23,26,0.8
24-Apr-19,24,25,0.753
25-Apr-19,1,25,0.717
25-Apr-19,2,24,0.699
25-Apr-19,3,24,0.693
25-Apr-19,4,23,0.697
25-Apr-19,5,22,0.718
25-Apr-19,6,22,0.768
25-Apr-19,7,22,0.84
25-Apr-19,8,21,0.896
25-Apr-19,9,23,0.923
25-Apr-19,10,25,0.926
25-Apr-19,11,28,0.92
25-Apr-19,12,31,0.905
25-Apr-19,13,34,0.893
25-Apr-19,14,36,0.898
25-Apr-19,15,37,0.911
25-Apr-19,16,36,0.935
25-Apr-19,17,35,0.995
25-Apr-19,18,34,1.041
25-Apr-19,19,33,1.027
25-Apr-19,20,32,0.999
25-Apr-19,21,32,0.962
25-Apr-19,22,31,0.909
25-Apr-19,23,31,0.841
25-Apr-19,24,31,0.774
26-Apr-19,1,32,0.728
26-Apr-19,2,33,0.7
26-Apr-19,3,33,0.687
26-Apr-19,4,32,0.686
26-Apr-19,5,32,0.706
26-Apr-19,6,31,0.755
26-Apr-19,7,30,0.832
26-Apr-19,8,29,0.888
26-Apr-19,9,28,0.909
26-Apr-19,10,29,0.902
26-Apr-19,11,31,0.889
26-Apr-19,12,32,0.875
26-Apr-19,13,33,0.864
26-Apr-19,14,35,0.872
26-Apr-19,15,35,0.887
26-Apr-19,16,34,0.913
26-Apr-19,17,32,0.98
26-Apr-19,18,31,1.03
26-Apr-19,19,31,1.018
26-Apr-19,20,31,0.992
26-Apr-19,21,30,0.957
26-Apr-19,22,30,0.904
26-Apr-19,23,30,0.833
26-Apr-19,24,30,0.768
27-Apr-19,1,31,0.721
27-Apr-19,2,32,0.692
27-Apr-19,3,32,0.677
27-Apr-19,4,32,0.675
27-Apr-19,5,33,0.691
27-Apr-19,6,34,0.735
27-Apr-19,7,33,0.8
27-Apr-19,8,34,0.86
27-Apr-19,9,35,0.902
27-Apr-19,10,36,0.933
27-Apr-19,11,38,0.952
27-Apr-19,12,40,0.957
27-Apr-19,13,42,0.95
27-Apr-19,14,44,0.941
27-Apr-19,15,46,0.928
27-Apr-19,16,47,0.925
27-Apr-19,17,49,0.959
27-Apr-19,18,49,0.974
27-Apr-19,19,50,0.947
27-Apr-19,20,51,0.91
27-Apr-19,21,50,0.871
27-Apr-19,22,50,0.823
27-Apr-19,23,49,0.762
27-Apr-19,24,49,0.7
28-Apr-19,1,49,0.655
28-Apr-19,2,48,0.624
28-Apr-19,3,47,0.608
28-Apr-19,4,46,0.602
28-Apr-19,5,48,0.608
28-Apr-19,6,47,0.628
28-Apr-19,7,47,0.666
28-Apr-19,8,47,0.702
28-Apr-19,9,46,0.741
28-Apr-19,10,46,0.756
28-Apr-19,11,46,0.758
28-Apr-19,12,46,0.761
28-Apr-19,13,46,0.765
28-Apr-19,14,46,0.77
28-Apr-19,15,46,0.778
28-Apr-19,16,44,0.8
28-Apr-19,17,42,0.861
28-Apr-19,18,40,0.909
28-Apr-19,19,39,0.905
28-Apr-19,20,37,0.886
28-Apr-19,21,36,0.862
28-Apr-19,22,34,0.83
28-Apr-19,23,32,0.785
28-Apr-19,24,31,0.734
29-Apr-19,1,29,0.698
29-Apr-19,2,28,0.675
29-Apr-19,3,26,0.663
29-Apr-19,4,26,0.661
29-Apr-19,5,26,0.668
29-Apr-19,6,25,0.688
29-Apr-19,7,25,0.72
29-Apr-19,8,25,0.758
29-Apr-19,9,26,0.804
29-Apr-19,10,26,0.832
29-Apr-19,11,28,0.826
29-Apr-19,12,29,0.815
29-Apr-19,13,31,0.812
29-Apr-19,14,32,0.812
29-Apr-19,15,33,0.825
29-Apr-19,16,33,0.849
29-Apr-19,17,33,0.92
29-Apr-19,18,31,0.973
29-Apr-19,19,31,0.966
29-Apr-19,20,30,0.941
29-Apr-19,21,30,0.911
29-Apr-19,22,30,0.866
29-Apr-19,23,30,0.808
29-Apr-19,24,29,0.75
30-Apr-19,1,30,0.709
30-Apr-19,2,29,0.685
30-Apr-19,3,30,0.673
30-Apr-19,4,30,0.673
30-Apr-19,5,29,0.691
30-Apr-19,6,29,0.734
30-Apr-19,7,29,0.797
30-Apr-19,8,29,0.845
30-Apr-19,9,30,0.866
30-Apr-19,10,33,0.87
30-Apr-19,11,36,0.872
30-Apr-19,12,38,0.87
30-Apr-19,13,40,0.87
30-Apr-19,14,40,0.874
30-Apr-19,15,41,0.877
30-Apr-19,16,41,0.893
30-Apr-19,17,40,0.947
30-Apr-19,18,40,0.976
30-Apr-19,19,39,0.942
30-Apr-19,20,38,0.896
30-Apr-19,21,37,0.854
30-Apr-19,22,37,0.815
30-Apr-19,23,37,0.775
30-Apr-19,24,37,0.734
